{"cameraMode":{"drawMode":0,"name":"Shaded","section":"Shading Mode"},"sceneLighting":false,"audioPlay":false,"sceneViewState":{"showFog":true,"showMaterialUpdate":false,"showSkybox":false,"showFlares":true,"showImageEffects":true,"showParticleSystems":true},"in2DMode":false,"pivot":{"x":1.2648731470108033,"y":-1.5330512523651124,"z":52.95097351074219},"rotation":{"x":-0.018308620899915696,"y":0.0020968818571418525,"z":-0.00003835891038761474,"w":-0.9998419880867004},"size":35.01913070678711,"orthographic":false}